{
  "model": "Annealing-Subspace-REWA",
  "num_tasks": 10,
  "task_accuracies": {
    "AG_News": [
      0.9,
      0.8933333333333333,
      0.8933333333333333,
      0.9,
      0.9,
      0.8966666666666666,
      0.89,
      0.89,
      0.8933333333333333,
      0.9
    ],
    "IMDB": [
      1.0,
      1.0,
      0.9933333333333333,
      0.9633333333333334,
      0.97,
      0.9933333333333333,
      0.9933333333333333,
      0.9966666666666667,
      0.9966666666666667
    ],
    "SST2": [
      0.67,
      0.7366666666666667,
      0.5666666666666667,
      0.5933333333333334,
      0.6266666666666667,
      0.63,
      0.64,
      0.6466666666666666
    ],
    "Yelp": [
      0.82,
      0.8133333333333334,
      0.7966666666666666,
      0.8233333333333334,
      0.81,
      0.8033333333333333,
      0.7866666666666666
    ],
    "CoLA": [
      0.66,
      0.6733333333333333,
      0.6833333333333333,
      0.6866666666666666,
      0.6966666666666667,
      0.6933333333333334
    ],
    "MNLI": [
      0.3466666666666667,
      0.32666666666666666,
      0.3233333333333333,
      0.3333333333333333,
      0.31666666666666665
    ],
    "QNLI": [
      0.52,
      0.5133333333333333,
      0.5133333333333333,
      0.51
    ],
    "QQP": [
      0.69,
      0.58,
      0.36333333333333334
    ],
    "RTE": [
      0.5667870036101083,
      0.5054151624548736
    ],
    "MRPC": [
      0.6733333333333333
    ]
  },
  "final_accuracies": {
    "AG_News": 0.9,
    "IMDB": 0.9966666666666667,
    "SST2": 0.6466666666666666,
    "Yelp": 0.7866666666666666,
    "CoLA": 0.6933333333333334,
    "MNLI": 0.31666666666666665,
    "QNLI": 0.51,
    "QQP": 0.36333333333333334,
    "RTE": 0.5054151624548736,
    "MRPC": 0.6733333333333333
  },
  "per_task_forgetting": {
    "AG_News": 0.0,
    "IMDB": 0.0033333333333332993,
    "SST2": 0.09000000000000008,
    "Yelp": 0.036666666666666736,
    "CoLA": 0.0033333333333332993,
    "MNLI": 0.030000000000000027,
    "QNLI": 0.010000000000000009,
    "QQP": 0.3266666666666666,
    "RTE": 0.06137184115523464
  },
  "average_final_accuracy": 0.6392081829121541,
  "WTA": 0.31666666666666665,
  "FI": 0.06237464901724829,
  "PV": 0.04364179198651531,
  "lambda_history": [
    [
      0.0694444477558136,
      0.2777777910232544,
      0.625,
      1.1111111640930176,
      1.7361111640930176,
      2.5,
      3.402777671813965,
      4.44444465637207,
      5.625,
      6.94444465637207,
      8.402777671813965,
      10.0
    ],
    [
      0.0590277835726738,
      0.2361111342906952,
      0.53125,
      0.9444445371627808,
      1.4756945371627808,
      2.125,
      2.8923611640930176,
      3.777778148651123,
      4.78125,
      5.902778148651123,
      7.142361164093018,
      8.5
    ],
    [
      0.05017361789941788,
      0.2006944715976715,
      0.4515625238418579,
      0.802777886390686,
      1.254340410232544,
      1.8062500953674316,
      2.4585070610046387,
      3.211111545562744,
      4.064062595367432,
      5.017361640930176,
      6.071007251739502,
      7.225000381469727
    ],
    [
      0.042647577822208405,
      0.17059031128883362,
      0.38382816314697266,
      0.6823612451553345,
      1.0661894083023071,
      1.5353126525878906,
      2.089730978012085,
      2.729444980621338,
      3.454453229904175,
      4.2647576332092285,
      5.160356521606445,
      6.1412506103515625
    ],
    [
      0.03625044226646423,
      0.14500176906585693,
      0.3262539505958557,
      0.5800070762634277,
      0.9062610268592834,
      1.3050158023834229,
      1.7762713432312012,
      2.320028305053711,
      2.9362852573394775,
      3.625044107437134,
      4.386302947998047,
      5.220063209533691
    ],
    [
      0.030812876299023628,
      0.12325150519609451,
      0.2773158550262451,
      0.49300602078437805,
      0.7703219056129456,
      1.1092634201049805,
      1.5098307132720947,
      1.9720240831375122,
      2.495842456817627,
      3.0812876224517822,
      3.7283575534820557,
      4.437053680419922
    ],
    [
      0.026190945878624916,
      0.10476378351449966,
      0.2357184886932373,
      0.41905513405799866,
      0.6547736525535583,
      0.9428739547729492,
      1.2833561897277832,
      1.6762205362319946,
      2.1214661598205566,
      2.6190946102142334,
      3.1691040992736816,
      3.771495819091797
    ],
    [
      0.02226230502128601,
      0.08904922008514404,
      0.2003607153892517,
      0.35619688034057617,
      0.5565575957298279,
      0.8014428615570068,
      1.0908527374267578,
      1.4247875213623047,
      1.803246259689331,
      2.2262303829193115,
      2.6937384605407715,
      3.2057714462280273
    ],
    [
      0.0189229603856802,
      0.0756918415427208,
      0.17030660808086395,
      0.3027673661708832,
      0.47307395935058594,
      0.6812264323234558,
      0.92722487449646,
      1.2110694646835327,
      1.5327593088150024,
      1.8922958374023438,
      2.289677858352661,
      2.7249057292938232
    ],
    [
      0.016084516420960426,
      0.0643380656838417,
      0.1447606235742569,
      0.2573522627353668,
      0.4021128714084625,
      0.5790424942970276,
      0.7881411910057068,
      1.0294090509414673,
      1.3028454780578613,
      1.60845148563385,
      1.9462262392044067,
      2.3161699771881104
    ]
  ]
}