{
  "model": "OptimalOrder-SheafProgression",
  "num_tasks": 10,
  "task_order": [
    "SST2",
    "IMDB",
    "Yelp",
    "MRPC",
    "QQP",
    "RTE",
    "QNLI",
    "MNLI",
    "CoLA",
    "AG_News"
  ],
  "task_accuracies": {
    "SST2": [
      0.8733333333333333,
      0.85,
      0.8233333333333334,
      0.64,
      0.6233333333333333,
      0.5366666666666666,
      0.5166666666666667,
      0.5166666666666667,
      0.53,
      0.6433333333333333
    ],
    "IMDB": [
      0.98,
      0.9966666666666667,
      0.9966666666666667,
      1.0,
      1.0,
      0.99,
      0.9933333333333333,
      0.9966666666666667,
      1.0
    ],
    "Yelp": [
      0.7366666666666667,
      0.48333333333333334,
      0.49333333333333335,
      0.5366666666666666,
      0.5066666666666667,
      0.49333333333333335,
      0.5566666666666666,
      0.49
    ],
    "MRPC": [
      0.76,
      0.7466666666666667,
      0.68,
      0.6666666666666666,
      0.5866666666666667,
      0.4766666666666667,
      0.4533333333333333
    ],
    "QQP": [
      0.6466666666666666,
      0.43333333333333335,
      0.41333333333333333,
      0.4066666666666667,
      0.5466666666666666,
      0.48333333333333334
    ],
    "RTE": [
      0.5703971119133574,
      0.5776173285198556,
      0.5523465703971119,
      0.5595667870036101,
      0.5415162454873647
    ],
    "QNLI": [
      0.5433333333333333,
      0.5533333333333333,
      0.53,
      0.5466666666666666
    ],
    "MNLI": [
      0.3,
      0.3433333333333333,
      0.38666666666666666
    ],
    "CoLA": [
      0.74,
      0.7266666666666667
    ],
    "AG_News": [
      0.8433333333333334
    ]
  },
  "final_accuracies": {
    "SST2": 0.6433333333333333,
    "IMDB": 1.0,
    "Yelp": 0.49,
    "MRPC": 0.4533333333333333,
    "QQP": 0.48333333333333334,
    "RTE": 0.5415162454873647,
    "QNLI": 0.5466666666666666,
    "MNLI": 0.38666666666666666,
    "CoLA": 0.7266666666666667,
    "AG_News": 0.8433333333333334
  },
  "per_task_forgetting": {
    "SST2": 0.22999999999999998,
    "IMDB": 0.0,
    "Yelp": 0.2466666666666667,
    "MRPC": 0.3066666666666667,
    "QQP": 0.16333333333333327,
    "RTE": 0.03610108303249093,
    "QNLI": 0.00666666666666671,
    "MNLI": -0.043333333333333335,
    "CoLA": 0.013333333333333308
  },
  "per_sheaf_fi": {
    "Sentiment": 0.15888888888888889,
    "Paraphrase": 0.235,
    "Entailment": -0.0001885278780585642,
    "Syntax": 0.013333333333333308,
    "Topic": 0.0
  },
  "sheaf_metrics": {
    "Sentiment": {
      "fi": 0.15888888888888889,
      "avg_accuracy": 0.7111111111111111,
      "tasks": [
        "SST2",
        "IMDB",
        "Yelp"
      ]
    },
    "Paraphrase": {
      "fi": 0.235,
      "avg_accuracy": 0.4683333333333333,
      "tasks": [
        "QQP",
        "MRPC"
      ]
    },
    "Entailment": {
      "fi": -0.0001885278780585642,
      "avg_accuracy": 0.49161652627356595,
      "tasks": [
        "RTE",
        "QNLI",
        "MNLI"
      ]
    },
    "Syntax": {
      "fi": 0.013333333333333308,
      "avg_accuracy": 0.7266666666666667,
      "tasks": [
        "CoLA"
      ]
    },
    "Topic": {
      "fi": 0.0,
      "avg_accuracy": 0.8433333333333334,
      "tasks": [
        "AG_News"
      ]
    }
  },
  "average_final_accuracy": 0.6114849578820698,
  "WTA": 0.38666666666666666,
  "FI_global": 0.10660382404064714,
  "PV": 0.03348124180774762,
  "ordering_strategy": "optimal_sheaf_progression",
  "ordering_rationale": "Easy\u2192Hard within sheafs, semantic progression across sheafs. Sentiment (foundational) \u2192 Paraphrase (semantic similarity) \u2192 Entailment (reasoning) \u2192 Syntax \u2192 Topic (regularizer, no forgetting)"
}