{
  "intrinsic_dim_95": 40,
  "norm_mean": 1.0,
  "norm_std": 3.943124227134831e-08,
  "norm_cv": 3.943124227134831e-08,
  "recall_1": 0.20640000700950623,
  "recall_5": 0.43389999866485596,
  "recall_10": 0.5608999729156494
}