{
  "exp1": {
    "K": [
      2,
      3,
      4,
      6,
      8
    ],
    "chi_c": [
      21.783545406950317,
      22.423878203286566,
      2.821471704961131,
      3.944488775086321,
      2.96118376342483
    ]
  },
  "exp2": {
    "N": [
      500,
      1000,
      2000,
      3000
    ],
    "chi_c": [
      5.947411942446998,
      2.7621706630088094,
      40.56738708585084,
      27.64084873635877
    ]
  },
  "exp3": {
    "vocab_size": [
      2000,
      4000,
      6000,
      8000,
      10000
    ],
    "chi_c": [
      57.782041488328154,
      47.26251253239113,
      44.42408303091012,
      41.17274229237147,
      40.56738708585084
    ]
  },
  "exp4": {
    "n_categories": [
      5,
      10,
      15,
      20
    ],
    "chi_c": [
      1.2972432162023986,
      2.0456880284322376,
      2.478958856462796,
      40.56738708585084
    ]
  },
  "exp5": {
    "chi_c": 6.734783177063777,
    "chi_c_err": 375635.69483196776
  }
}