{
  "mnist": {
    "pearson_r": 0.4018010017589942,
    "pearson_p": 0.24974293911548387,
    "spearman_r": 0.5272727272727272,
    "spearman_p": 0.11730806555020223,
    "ambiguity": {
      "0": 0.2209170494267624,
      "1": 0.2530078180035301,
      "2": 0.32206018003140413,
      "3": 0.36725390346125786,
      "4": 0.34246694051860344,
      "5": 0.44910160326525894,
      "6": 0.2536190061860383,
      "7": 0.35785216107858603,
      "8": 0.34143493318626367,
      "9": 0.32540782083990144
    },
    "displacement": {
      "0": 2.3248887062072754,
      "1": 2.8425800800323486,
      "2": 2.680610179901123,
      "3": 3.112830877304077,
      "4": 2.7453372478485107,
      "5": 2.8578600883483887,
      "6": 2.5348241329193115,
      "7": 2.642439365386963,
      "8": 2.4772579669952393,
      "9": 2.0645456314086914
    }
  },
  "fashion": {
    "pearson_r": -0.2143910881306698,
    "pearson_p": 0.5519875299277924,
    "spearman_r": -0.01818181818181818,
    "spearman_p": 0.9602404181286243,
    "ambiguity": {
      "0": 0.6761273423160302,
      "1": 0.19855232639090062,
      "2": 0.9778421633882874,
      "3": 0.5345096083978206,
      "4": 0.8042790174406605,
      "5": 0.3267865603658354,
      "6": 1.3197225896040232,
      "7": 0.45348828555051723,
      "8": 0.36292779851763624,
      "9": 0.30829957880853537
    },
    "displacement": {
      "0": 2.0159096717834473,
      "1": 1.8333629369735718,
      "2": 1.833504557609558,
      "3": 3.792569398880005,
      "4": 2.1916043758392334,
      "5": 2.9923250675201416,
      "6": 2.275630235671997,
      "7": 3.9260895252227783,
      "8": 1.9822020530700684,
      "9": 2.4286255836486816
    }
  },
  "kmnist": {
    "pearson_r": 0.6441413174649298,
    "pearson_p": 0.044415950615540926,
    "spearman_r": 0.4787878787878787,
    "spearman_p": 0.1615229280174558,
    "ambiguity": {
      "0": 0.40003799453109307,
      "1": 0.6007547839945784,
      "2": 0.8160442192082565,
      "3": 0.4574989542031374,
      "4": 0.6600891360449499,
      "5": 0.6025027167779589,
      "6": 0.6940870187127943,
      "7": 0.4065656589228131,
      "8": 0.5000746841854297,
      "9": 0.545872586780193
    },
    "displacement": {
      "0": 2.4741175174713135,
      "1": 1.6588760614395142,
      "2": 4.607089519500732,
      "3": 2.2153894901275635,
      "4": 3.5064563751220703,
      "5": 2.4843478202819824,
      "6": 2.3360846042633057,
      "7": 2.1879656314849854,
      "8": 2.416112184524536,
      "9": 3.038529396057129
    }
  }
}