{
  "baseline": {
    "method": "BASELINE",
    "mnist_a": 0.9225,
    "mnist_b": 0.215,
    "fashion_b": 0.83,
    "weight_change": 8.503966331481934,
    "forgetting": 0.7075
  },
  "ewc": {
    "method": "EWC (\u03bb=5000.0)",
    "mnist_a": 0.9075,
    "mnist_b": 0.18,
    "fashion_b": 0.725,
    "weight_change": 3.9914727210998535,
    "forgetting": 0.7275
  },
  "class_conditional": {
    "method": "CLASS-CONDITIONAL RICCI (\u03bb=75.0)",
    "mnist_a": 0.93,
    "mnist_b": 0.49,
    "fashion_b": 0.665,
    "weight_change": 7.750073432922363,
    "forgetting": 0.44000000000000006
  },
  "centroid": {
    "method": "CENTROID RICCI (\u03bb=75.0)",
    "mnist_a": 0.905,
    "mnist_b": 0.41,
    "fashion_b": 0.6875,
    "weight_change": 7.799954414367676,
    "forgetting": 0.49500000000000005
  },
  "prototype": {
    "method": "PROTOTYPE RICCI (\u03bb=75.0)",
    "mnist_a": 0.9125,
    "mnist_b": 0.2525,
    "fashion_b": 0.85,
    "weight_change": 10.322188377380371,
    "forgetting": 0.6599999999999999
  }
}