{
  "ablation": {
    "Distance-Only": {
      "mnist_a": 0.92,
      "mnist_b": 0.1525,
      "fashion_b": 0.8075,
      "forgetting": 0.7675000000000001
    },
    "Angle-Only": {
      "mnist_a": 0.9375,
      "mnist_b": 0.19,
      "fashion_b": 0.835,
      "forgetting": 0.7475
    },
    "Both (Full)": {
      "mnist_a": 0.93,
      "mnist_b": 0.185,
      "fashion_b": 0.8275,
      "forgetting": 0.7450000000000001
    }
  },
  "curvature": {
    "Baseline": {
      "curvature_initial": 5.472324835414689e-05,
      "curvature_after_a": 4.074881524056661e-12,
      "curvature_after_b": 5.946652359868916e-10,
      "curvature_spike": 5.905903544628349e-10,
      "forgetting": 0.78,
      "mnist_b": 0.1375,
      "fashion_b": 0.8175
    },
    "EWC": {
      "curvature_initial": 9.591225426950091e-05,
      "curvature_after_a": 4.0941076916925905e-12,
      "curvature_after_b": 7.365097777653657e-11,
      "curvature_spike": 6.955687008484399e-11,
      "forgetting": 0.6175,
      "mnist_b": 0.3075,
      "fashion_b": 0.7925
    },
    "CC-Ricci": {
      "curvature_initial": 6.965805598180384e-05,
      "curvature_after_a": 4.1965871721601524e-12,
      "curvature_after_b": 1.3211204773669044e-10,
      "curvature_spike": 1.279154605645303e-10,
      "forgetting": 0.7675,
      "mnist_b": 0.15,
      "fashion_b": 0.805
    }
  },
  "replay": {
    "Baseline": {
      "mnist_a": 0.9375,
      "mnist_b": 0.1925,
      "fashion_b": 0.84,
      "forgetting": 0.745
    },
    "Replay-500": {
      "mnist_a": 0.9,
      "mnist_b": 0.8225,
      "fashion_b": 0.8225,
      "forgetting": 0.07750000000000001
    },
    "Replay-1000": {
      "mnist_a": 0.9075,
      "mnist_b": 0.825,
      "fashion_b": 0.785,
      "forgetting": 0.08250000000000002
    },
    "CC-Ricci (\u03bb=50)": {
      "mnist_a": 0.9075,
      "mnist_b": 0.1625,
      "fashion_b": 0.8225,
      "forgetting": 0.745
    }
  }
}