{
  "exp1": {
    "K": [
      2,
      3,
      4,
      6,
      8
    ],
    "chi_c": [
      14.986969937484776,
      19.334178855536575,
      25.34389245332013,
      34.69732101438661,
      42.202952322918065
    ]
  },
  "exp2": {
    "N": [
      500,
      1000,
      2000,
      4000,
      8000
    ],
    "chi_c": [
      22.467493658490334,
      23.752621519916794,
      26.47922700145584,
      27.691144876939394,
      29.571347422913878
    ]
  },
  "exp3": {
    "rho": [
      0.25,
      0.3,
      0.35,
      0.4,
      0.45,
      0.5,
      0.55,
      0.6
    ],
    "chi_c": [
      11.870375062275725,
      15.887873790153353,
      19.65531910633167,
      26.47922700145584,
      27.732418453526364,
      35.25647712236347,
      42.185076099789036,
      48.73503363694937
    ]
  },
  "exp4": {
    "L": [
      25,
      50,
      75,
      100,
      150,
      200
    ],
    "chi_c": [
      11.250312606038642,
      18.768730040681408,
      26.47922700145584,
      31.89879525134889,
      41.52961887830433,
      55.634120183820016
    ]
  },
  "exp5": {
    "chi_c": 35.919999999999966,
    "chi_c_err": Infinity
  }
}