{
  "exp1": {
    "AND": {
      "K": [
        2,
        3,
        4,
        6,
        8
      ],
      "chi_c": [
        14.986969937484776,
        19.334178855536575,
        25.34389245332013,
        34.69732101438661,
        42.202952322918065
      ]
    },
    "OR": {
      "K": [
        2,
        3,
        4,
        6,
        8
      ],
      "chi_c": [
        7.492855162117631,
        6.705009948702866,
        6.371955323778435,
        5.9668402151671,
        5.562861513204238
      ]
    },
    "Delta": 0.4000000000000001
  },
  "exp2": {
    "K": [
      1,
      2,
      3,
      4,
      5,
      6,
      7,
      8
    ],
    "MI_per_hash": [
      1.43098263130394,
      0.7189439973437016,
      0.49075809003862475,
      0.37163604755261126,
      0.28165875363045,
      0.2361200152853314,
      0.2007848720257551,
      0.1789457348891065
    ],
    "MI_total": [
      1.43098263130394,
      1.4378879946874032,
      1.4722742701158742,
      1.486544190210445,
      1.40829376815225,
      1.4167200917119884,
      1.4054941041802858,
      1.431565879112852
    ]
  },
  "exp3": {
    "K": [
      2,
      3,
      4,
      6,
      8,
      2,
      3,
      4,
      6,
      8,
      2,
      3,
      4,
      6,
      8
    ],
    "L": [
      50,
      50,
      50,
      50,
      50,
      75,
      75,
      75,
      75,
      75,
      100,
      100,
      100,
      100,
      100
    ],
    "C_M": [
      1.4811690728308238,
      2.005175790111616,
      2.4122239098390073,
      3.5076821488106074,
      4.117776027381997,
      1.9717355955108085,
      2.5436688549087587,
      3.3343267576738485,
      4.564894918606409,
      5.552360729210119,
      2.5062080868493615,
      3.369617268107609,
      4.223555853666292,
      5.718816766761275,
      7.5011148543937
    ]
  },
  "exp4": {
    "correlation": [
      0.0,
      0.2,
      0.4,
      0.6,
      0.8
    ],
    "chi_c": [
      25.34389245332013,
      12.570438091378414,
      5.486666304781159,
      2.0368738305225826,
      0.24500092333618317
    ]
  }
}