{
  "rho_values": [
    0.25,
    0.3,
    0.35,
    0.4,
    0.45,
    0.5
  ],
  "m_values": [
    16,
    28,
    49,
    87,
    154,
    272,
    480,
    847,
    1494,
    2635,
    4646,
    8192
  ],
  "measured_deltas": {
    "0.25": {
      "Delta_gap": 0.24000000000000002,
      "Delta_same": 0.24000000000000002,
      "Delta_diff": 0.0,
      "std_same": 2.7755575615628914e-17,
      "std_diff": 0.0
    },
    "0.3": {
      "Delta_gap": 0.29333333333333333,
      "Delta_same": 0.29333333333333333,
      "Delta_diff": 0.0,
      "std_same": 0.0,
      "std_diff": 0.0
    },
    "0.35": {
      "Delta_gap": 0.34666666666666673,
      "Delta_same": 0.34666666666666673,
      "Delta_diff": 0.0,
      "std_same": 5.551115123125783e-17,
      "std_diff": 0.0
    },
    "0.4": {
      "Delta_gap": 0.4000000000000001,
      "Delta_same": 0.4000000000000001,
      "Delta_diff": 0.0,
      "std_same": 5.551115123125783e-17,
      "std_diff": 0.0
    },
    "0.45": {
      "Delta_gap": 0.44,
      "Delta_same": 0.44,
      "Delta_diff": 0.0,
      "std_same": 0.0,
      "std_diff": 0.0
    },
    "0.5": {
      "Delta_gap": 0.4933333333333334,
      "Delta_same": 0.4933333333333334,
      "Delta_diff": 0.0,
      "std_same": 5.551115123125783e-17,
      "std_diff": 0.0
    }
  },
  "accuracy_mean": {
    "0.25": [
      0.05000000000000001,
      0.05000000000000001,
      0.05000000000000001,
      0.05000000000000001,
      0.17016666666666666,
      0.9165,
      1.0,
      1.0,
      1.0,
      1.0,
      1.0,
      1.0
    ],
    "0.3": [
      0.05000000000000001,
      0.05000000000000001,
      0.05000000000000001,
      0.05000000000000001,
      0.2348333333333333,
      0.9758333333333334,
      1.0,
      1.0,
      1.0,
      1.0,
      1.0,
      1.0
    ],
    "0.35": [
      0.05000000000000001,
      0.05000000000000001,
      0.05000000000000001,
      0.05000000000000001,
      0.34600000000000003,
      0.9918333333333335,
      1.0,
      1.0,
      1.0,
      1.0,
      1.0,
      1.0
    ],
    "0.4": [
      0.05000000000000001,
      0.05000000000000001,
      0.05000000000000001,
      0.05000000000000001,
      0.3431666666666667,
      0.9993333333333334,
      1.0,
      1.0,
      1.0,
      1.0,
      1.0,
      1.0
    ],
    "0.45": [
      0.05000000000000001,
      0.05000000000000001,
      0.05000000000000001,
      0.05000000000000001,
      0.5258333333333334,
      0.9998333333333335,
      1.0,
      1.0,
      1.0,
      1.0,
      1.0,
      1.0
    ],
    "0.5": [
      0.05000000000000001,
      0.05000000000000001,
      0.05000000000000001,
      0.05000000000000001,
      0.6136666666666666,
      1.0,
      1.0,
      1.0,
      1.0,
      1.0,
      1.0,
      1.0
    ]
  },
  "accuracy_std": {
    "0.25": [
      6.938893903907228e-18,
      6.938893903907228e-18,
      6.938893903907228e-18,
      6.938893903907228e-18,
      0.03768362450130767,
      0.019096247449870023,
      0.0,
      0.0,
      0.0,
      0.0,
      0.0,
      0.0
    ],
    "0.3": [
      6.938893903907228e-18,
      6.938893903907228e-18,
      6.938893903907228e-18,
      6.938893903907228e-18,
      0.0564303897637513,
      0.006980130530457329,
      0.0,
      0.0,
      0.0,
      0.0,
      0.0,
      0.0
    ],
    "0.35": [
      6.938893903907228e-18,
      6.938893903907228e-18,
      6.938893903907228e-18,
      6.938893903907228e-18,
      0.0741046557241851,
      0.003519785346990507,
      0.0,
      0.0,
      0.0,
      0.0,
      0.0,
      0.0
    ],
    "0.4": [
      6.938893903907228e-18,
      6.938893903907228e-18,
      6.938893903907228e-18,
      6.938893903907228e-18,
      0.05190589775952461,
      0.00023570226039554222,
      0.0,
      0.0,
      0.0,
      0.0,
      0.0,
      0.0
    ],
    "0.45": [
      6.938893903907228e-18,
      6.938893903907228e-18,
      6.938893903907228e-18,
      6.938893903907228e-18,
      0.1072445284799597,
      0.00023570226039548988,
      0.0,
      0.0,
      0.0,
      0.0,
      0.0,
      0.0
    ],
    "0.5": [
      6.938893903907228e-18,
      6.938893903907228e-18,
      6.938893903907228e-18,
      6.938893903907228e-18,
      0.05465243717245269,
      0.0,
      0.0,
      0.0,
      0.0,
      0.0,
      0.0,
      0.0
    ]
  },
  "chi_c_observed": 23.91567538154756,
  "r_squared": 0.8802556526101049,
  "N": 2000,
  "k_clusters": 20,
  "L": 75,
  "K_hashes": 4
}