{
  "rho_values": [
    0.05,
    0.1,
    0.15,
    0.2,
    0.25
  ],
  "m_values": [
    16,
    23,
    35,
    52,
    78,
    115,
    172,
    255,
    380,
    565,
    840,
    1248,
    1854,
    2756,
    4096
  ],
  "measured_deltas": {
    "0.05": {
      "Delta_gap": 0.05000000000000002,
      "Delta_same": 0.05000000000000002,
      "Delta_diff": 0.0,
      "std_same": 1.3877787807814457e-17,
      "std_diff": 0.0
    },
    "0.1": {
      "Delta_gap": 0.10000000000000003,
      "Delta_same": 0.10000000000000003,
      "Delta_diff": 0.0,
      "std_same": 2.7755575615628914e-17,
      "std_diff": 0.0
    },
    "0.15": {
      "Delta_gap": 0.14999999999999997,
      "Delta_same": 0.14999999999999997,
      "Delta_diff": 0.0,
      "std_same": 2.7755575615628914e-17,
      "std_diff": 0.0
    },
    "0.2": {
      "Delta_gap": 0.20000000000000007,
      "Delta_same": 0.20000000000000007,
      "Delta_diff": 0.0,
      "std_same": 5.551115123125783e-17,
      "std_diff": 0.0
    },
    "0.25": {
      "Delta_gap": 0.25,
      "Delta_same": 0.25,
      "Delta_diff": 0.0,
      "std_same": 0.0,
      "std_diff": 0.0
    }
  },
  "accuracy_mean": {
    "0.05": [
      0.05,
      0.05,
      0.05,
      0.05,
      0.0518,
      0.06415000000000001,
      0.09864999999999999,
      0.16355,
      0.27435000000000004,
      0.4427,
      0.638,
      0.81125,
      0.92805,
      0.9799,
      0.9952500000000001
    ],
    "0.1": [
      0.05,
      0.05,
      0.05,
      0.05,
      0.05650000000000001,
      0.08395,
      0.18234999999999998,
      0.42175,
      0.74255,
      0.93915,
      0.9912000000000001,
      0.99925,
      0.9999500000000001,
      1.0,
      1.0
    ],
    "0.15": [
      0.05,
      0.05,
      0.05,
      0.05,
      0.05960000000000001,
      0.11995,
      0.3337,
      0.7316499999999999,
      0.968,
      0.9989500000000001,
      1.0,
      1.0,
      1.0,
      1.0,
      1.0
    ],
    "0.2": [
      0.05,
      0.05,
      0.05,
      0.05,
      0.07049999999999998,
      0.17885,
      0.5169499999999999,
      0.92925,
      0.99785,
      1.0,
      1.0,
      1.0,
      1.0,
      1.0,
      1.0
    ],
    "0.25": [
      0.05,
      0.05,
      0.05,
      0.05,
      0.07645,
      0.201,
      0.7187,
      0.9854499999999999,
      1.0,
      1.0,
      1.0,
      1.0,
      1.0,
      1.0,
      1.0
    ]
  },
  "accuracy_std": {
    "0.05": [
      0.0,
      0.0,
      0.0,
      0.0,
      0.004990991885387113,
      0.0035217183305880683,
      0.006804594036384537,
      0.010664075206036386,
      0.01354815485592041,
      0.014598287570807762,
      0.008414273587185047,
      0.012718588758191679,
      0.010162307808760748,
      0.0033376638536557397,
      0.0020524375751773695
    ],
    "0.1": [
      0.0,
      0.0,
      0.0,
      0.0,
      0.006917369442208504,
      0.011107317407907278,
      0.018601142438033208,
      0.011904305943649126,
      0.011957110855051875,
      0.007909013844974581,
      0.0011661903789690622,
      0.0010307764064044012,
      0.00014999999999998348,
      0.0,
      0.0
    ],
    "0.15": [
      0.0,
      0.0,
      0.0,
      0.0,
      0.00855219270129012,
      0.016703966594794183,
      0.026683515510516974,
      0.015622179745477272,
      0.005044799302251795,
      0.0005220153254455456,
      0.0,
      0.0,
      0.0,
      0.0,
      0.0
    ],
    "0.2": [
      0.0,
      0.0,
      0.0,
      0.0,
      0.015200328943809075,
      0.015179015119565561,
      0.02615191197599135,
      0.012518486330223778,
      0.0006726812023536742,
      0.0,
      0.0,
      0.0,
      0.0,
      0.0,
      0.0
    ],
    "0.25": [
      0.0,
      0.0,
      0.0,
      0.0,
      0.012814932695882566,
      0.03722902093797257,
      0.03194855239287065,
      0.0038694314827891815,
      0.0,
      0.0,
      0.0,
      0.0,
      0.0,
      0.0,
      0.0
    ]
  },
  "chi_c_theory": 60.80721967633666,
  "chi_c_observed": 5.561513398565843,
  "r_squared": 0.8031028450301703,
  "N": 2000,
  "k_clusters": 20,
  "L": 100
}