{
  "rho_values": [
    0.3,
    0.5,
    0.7
  ],
  "m_values": [
    16,
    28,
    49,
    87,
    154,
    272,
    480,
    847,
    1494,
    2635,
    4646,
    8192
  ],
  "measured_deltas": {
    "0.3": {
      "Delta_gap": 0.29999999999999993,
      "Delta_same": 0.29999999999999993,
      "Delta_diff": 0.0,
      "std_same": 5.551115123125783e-17,
      "std_diff": 0.0
    },
    "0.5": {
      "Delta_gap": 0.5,
      "Delta_same": 0.5,
      "Delta_diff": 0.0,
      "std_same": 0.0,
      "std_diff": 0.0
    },
    "0.7": {
      "Delta_gap": 0.6999999999999998,
      "Delta_same": 0.6999999999999998,
      "Delta_diff": 0.0,
      "std_same": 1.1102230246251565e-16,
      "std_diff": 0.0
    }
  },
  "accuracy_mean": {
    "0.3": [
      0.05,
      0.05,
      0.05,
      0.05,
      0.10325000000000002,
      0.8393,
      1.0,
      1.0,
      1.0,
      1.0,
      1.0,
      1.0
    ],
    "0.5": [
      0.05,
      0.05,
      0.05,
      0.05,
      0.31295,
      0.9971500000000001,
      1.0,
      1.0,
      1.0,
      1.0,
      1.0,
      1.0
    ],
    "0.7": [
      0.05,
      0.05,
      0.05,
      0.05,
      0.5054,
      1.0,
      1.0,
      1.0,
      1.0,
      1.0,
      1.0,
      1.0
    ]
  },
  "accuracy_std": {
    "0.3": [
      0.0,
      0.0,
      0.0,
      0.0,
      0.03514630137012997,
      0.038954588946618324,
      0.0,
      0.0,
      0.0,
      0.0,
      0.0,
      0.0
    ],
    "0.5": [
      0.0,
      0.0,
      0.0,
      0.0,
      0.0979707737031815,
      0.00168893457540546,
      0.0,
      0.0,
      0.0,
      0.0,
      0.0,
      0.0
    ],
    "0.7": [
      0.0,
      0.0,
      0.0,
      0.0,
      0.1503636924260641,
      0.0,
      0.0,
      0.0,
      0.0,
      0.0,
      0.0,
      0.0
    ]
  },
  "chi_c_observed": 42.90616074755462,
  "r_squared": 0.8227776185607523,
  "N": 2000,
  "k_clusters": 20,
  "L": 100,
  "K_hashes": 4
}