{
  "intrinsic_dim_95": 12,
  "norm_mean": 1.3901948928833008,
  "norm_std": 0.15238811075687408,
  "norm_cv": 0.10961636155843735,
  "recall_1": 0.16249999403953552,
  "recall_5": 0.3747999966144562,
  "recall_10": 0.4893999993801117
}