{
  "intrinsic_dim_95": 13,
  "norm_mean": 3.8161020278930664,
  "norm_std": 0.4849814474582672,
  "norm_cv": 0.12708817422389984,
  "recall_1": 0.14030000567436218,
  "recall_5": 0.34869998693466187,
  "recall_10": 0.47189998626708984
}