{
  "intrinsic_dim_95": 14,
  "norm_mean": 5.697062015533447,
  "norm_std": 0.7550066113471985,
  "norm_cv": 0.13252560794353485,
  "recall_1": 0.14630000293254852,
  "recall_5": 0.35600000619888306,
  "recall_10": 0.48170000314712524
}