{
  "intrinsic_dim_95": 13,
  "norm_mean": 7.037935256958008,
  "norm_std": 0.7168855667114258,
  "norm_cv": 0.10186021029949188,
  "recall_1": 0.14920000731945038,
  "recall_5": 0.3617999851703644,
  "recall_10": 0.4851999878883362
}