{
  "intrinsic_dim_95": 10,
  "norm_mean": 4.5150346755981445,
  "norm_std": 0.7545788884162903,
  "norm_cv": 0.16712582111358643,
  "recall_1": 0.14190000295639038,
  "recall_5": 0.3495999872684479,
  "recall_10": 0.47099998593330383
}