N,classical_time,gpu_init,gpu_query,speedup
10000,0.1648268699645996,0.00168609619140625,0.7013349533081055,0.23501875842225284
50000,0.8934850692749023,0.007841110229492188,0.01903986930847168,46.92705894138419
100000,1.7552127838134766,0.015603303909301758,0.02188396453857422,80.20542990369111
500000,9.966331958770752,0.07849001884460449,0.03850364685058594,258.84124684202703
1000000,20.743553161621094,0.16018414497375488,0.030364036560058594,683.161908351393
