{
  "m16_n0.001": {
    "m_bits": 16,
    "noise_std": 0.001,
    "recall_mean": 0.016666666294137638,
    "recall_std": 0.00942809020508639,
    "time_mean": 0.0010946591695149739,
    "time_std": 0.00017133725584945615
  },
  "m16_n0.010": {
    "m_bits": 16,
    "noise_std": 0.01,
    "recall_mean": 0.07999999821186066,
    "recall_std": 0.03265986250710421,
    "time_mean": 0.0010673205057779949,
    "time_std": 0.00017574110754054256
  },
  "m16_n0.050": {
    "m_bits": 16,
    "noise_std": 0.05,
    "recall_mean": 0.04333333236475786,
    "recall_std": 0.02867441691588558,
    "time_mean": 0.0008285840352376302,
    "time_std": 5.124699380905514e-05
  },
  "m16_n0.100": {
    "m_bits": 16,
    "noise_std": 0.1,
    "recall_mean": 0.060000001142422356,
    "recall_std": 0.029439204338772368,
    "time_mean": 0.0008196830749511719,
    "time_std": 3.827391800764061e-05
  },
  "m16_n0.200": {
    "m_bits": 16,
    "noise_std": 0.2,
    "recall_mean": 0.04666666562358538,
    "recall_std": 0.024944382020942544,
    "time_mean": 0.0008162657419840494,
    "time_std": 6.767234168382969e-05
  },
  "m32_n0.001": {
    "m_bits": 32,
    "noise_std": 0.001,
    "recall_mean": 0.07000000029802322,
    "recall_std": 0.02160247023631447,
    "time_mean": 0.0015930334726969402,
    "time_std": 7.138167139900807e-05
  },
  "m32_n0.010": {
    "m_bits": 32,
    "noise_std": 0.01,
    "recall_mean": 0.02333333281179269,
    "recall_std": 0.012472191010471272,
    "time_mean": 0.0015866756439208984,
    "time_std": 9.002903589474601e-05
  },
  "m32_n0.050": {
    "m_bits": 32,
    "noise_std": 0.05,
    "recall_mean": 0.03333333320915699,
    "recall_std": 0.026246693194086027,
    "time_mean": 0.0017100175221761067,
    "time_std": 5.129208164229005e-05
  },
  "m32_n0.100": {
    "m_bits": 32,
    "noise_std": 0.1,
    "recall_mean": 0.02333333281179269,
    "recall_std": 0.012472191010471272,
    "time_mean": 0.001607656478881836,
    "time_std": 7.298906158629183e-05
  },
  "m32_n0.200": {
    "m_bits": 32,
    "noise_std": 0.2,
    "recall_mean": 0.03666666770974795,
    "recall_std": 0.0377123634545236,
    "time_mean": 0.0015832583109537761,
    "time_std": 6.421869327411649e-05
  },
  "m64_n0.001": {
    "m_bits": 64,
    "noise_std": 0.001,
    "recall_mean": 0.016666666294137638,
    "recall_std": 0.004714045102543195,
    "time_mean": 0.003744204839070638,
    "time_std": 3.664328010138136e-05
  },
  "m64_n0.010": {
    "m_bits": 64,
    "noise_std": 0.01,
    "recall_mean": 0.050000000124176346,
    "recall_std": 0.01632993201397381,
    "time_mean": 0.0036499500274658203,
    "time_std": 8.242596137796329e-05
  },
  "m64_n0.050": {
    "m_bits": 64,
    "noise_std": 0.05,
    "recall_mean": 0.03333333320915699,
    "recall_std": 0.012472191840159368,
    "time_mean": 0.0037990411122639975,
    "time_std": 4.7965146421444684e-05
  },
  "m64_n0.100": {
    "m_bits": 64,
    "noise_std": 0.1,
    "recall_mean": 0.03999999972681204,
    "recall_std": 0.02160246937407722,
    "time_mean": 0.004019419352213542,
    "time_std": 0.00037788506594513385
  },
  "m64_n0.200": {
    "m_bits": 64,
    "noise_std": 0.2,
    "recall_mean": 0.006666666517655055,
    "recall_std": 0.00942809020508639,
    "time_mean": 0.0040636857350667315,
    "time_std": 0.00016070689563438544
  },
  "m128_n0.001": {
    "m_bits": 128,
    "noise_std": 0.001,
    "recall_mean": 0.056666666020949684,
    "recall_std": 0.01247219167422176,
    "time_mean": 0.008043607076009115,
    "time_std": 0.00015550477019639822
  },
  "m128_n0.010": {
    "m_bits": 128,
    "noise_std": 0.01,
    "recall_mean": 0.05999999865889549,
    "recall_std": 0.0,
    "time_mean": 0.008081833521525065,
    "time_std": 0.00012827485799600942
  },
  "m128_n0.050": {
    "m_bits": 128,
    "noise_std": 0.05,
    "recall_mean": 0.05333333338300387,
    "recall_std": 0.01247219167422176,
    "time_mean": 0.008253018061319986,
    "time_std": 4.293932656714619e-05
  },
  "m128_n0.100": {
    "m_bits": 128,
    "noise_std": 0.1,
    "recall_mean": 0.04999999888241291,
    "recall_std": 0.014142135307629587,
    "time_mean": 0.019836028416951496,
    "time_std": 0.0164879245890331
  },
  "m128_n0.200": {
    "m_bits": 128,
    "noise_std": 0.2,
    "recall_mean": 0.033333332588275276,
    "recall_std": 0.00942809020508639,
    "time_mean": 0.008300304412841797,
    "time_std": 6.100658900565674e-05
  },
  "m256_n0.001": {
    "m_bits": 256,
    "noise_std": 0.001,
    "recall_mean": 0.04333333422740301,
    "recall_std": 0.0329983183519804,
    "time_mean": 0.018010695775349934,
    "time_std": 0.0004998755188917332
  },
  "m256_n0.010": {
    "m_bits": 256,
    "noise_std": 0.01,
    "recall_mean": 0.053333332762122154,
    "recall_std": 0.016996731940894017,
    "time_mean": 0.017931302388509113,
    "time_std": 0.00041431150805832143
  },
  "m256_n0.050": {
    "m_bits": 256,
    "noise_std": 0.05,
    "recall_mean": 0.03666666646798452,
    "recall_std": 0.009428091083145736,
    "time_mean": 0.01785437266031901,
    "time_std": 0.00022905283187415332
  },
  "m256_n0.100": {
    "m_bits": 256,
    "noise_std": 0.1,
    "recall_mean": 0.03666666646798452,
    "recall_std": 0.02494438285063064,
    "time_mean": 0.01754172643025716,
    "time_std": 0.00010782168135605005
  },
  "m256_n0.200": {
    "m_bits": 256,
    "noise_std": 0.2,
    "recall_mean": 0.03333333320915699,
    "recall_std": 0.026246693194086027,
    "time_mean": 0.018254995346069336,
    "time_std": 0.0008166521860384722
  }
}