{
  "intrinsic_dim_95": 17,
  "norm_mean": 1.2425566911697388,
  "norm_std": 0.2544006109237671,
  "norm_cv": 0.20473964512348175,
  "recall_1": 0.16050000488758087,
  "recall_5": 0.3700999915599823,
  "recall_10": 0.49070000648498535
}