{
  "intrinsic_dim_95": 28,
  "norm_mean": 1.0,
  "norm_std": 4.2551661749712366e-08,
  "norm_cv": 4.2551661749712366e-08,
  "recall_1": 0.18790000677108765,
  "recall_5": 0.4034000039100647,
  "recall_10": 0.5303999781608582
}