{
  "config": {
    "n_samples": 2000,
    "input_dim": 20,
    "hidden_dim": 64,
    "epochs": 50,
    "seeds": [
      42,
      123,
      456,
      789,
      1000
    ]
  },
  "standard": {
    "mean_loss": 6.172409108070757e-06,
    "std_loss": 1.1209685527919512e-06,
    "losses": [
      5.413625266165971e-06,
      4.933866875944659e-06,
      7.974740193666158e-06,
      5.5969638716695565e-06,
      6.942849332907437e-06
    ]
  },
  "operator": {
    "mean_loss": 5.743472502217628e-06,
    "std_loss": 9.068922257732663e-07,
    "losses": [
      4.825302182455614e-06,
      5.389413802601796e-06,
      7.393069284132382e-06,
      5.135562852436644e-06,
      5.974014389461704e-06
    ]
  },
  "variance_reduction_pct": 19.097442696808365,
  "timestamp": "2025-12-16T19:54:01.798200"
}