{
  "dataset": "spiral",
  "seeds": [
    42,
    123,
    456,
    789,
    1000,
    2023,
    3141,
    9999
  ],
  "standard": {
    "mean_acc": 0.5933333333333334,
    "std_acc": 0.008539125638299665,
    "accs": [
      0.595,
      0.5933333333333334,
      0.59,
      0.5916666666666667,
      0.6116666666666667,
      0.5916666666666667,
      0.595,
      0.5783333333333334
    ]
  },
  "operator": {
    "mean_acc": 0.5933333333333334,
    "std_acc": 0.008539125638299665,
    "accs": [
      0.595,
      0.5933333333333334,
      0.59,
      0.5916666666666667,
      0.6116666666666667,
      0.5916666666666667,
      0.595,
      0.5783333333333334
    ]
  },
  "acc_variance_reduction_pct": 0.0,
  "representation_similarity": {
    "standard": 7.195362559286878e-05,
    "operator": 7.195096259238198e-05
  }
}