method,dimension,time_per_query_ms,memory_mb,recall,speedup,memory_reduction
FAISS Flat,768,0.2359604835510254,153.6,1.0,1.0,1.0
Sphere Balanced,350,0.16646146774291992,70.0,1.0,1.4175081281599564,2.1942857142857144
