method,add_time_ms,search_time_ms,time_per_query_ms,memory_mb,recall,speedup,memory_reduction
FAISS Flat,52.97088623046875,56.13088607788086,0.5613088607788086,307.2,1.0,1.0,1.0
Sphere Fast,799.9300956726074,31.025171279907227,0.31025171279907227,140.0,0.07899999999999999,1.8092047122470778,2.1942857142857144
Sphere Accurate,155.61413764953613,41.73636436462402,0.41736364364624023,307.2,1.0,1.3448916054954156,1.0
Sphere Balanced,551.4349937438965,30.702829360961914,0.30702829360961914,140.0,0.07899999999999999,1.8281991349386926,2.1942857142857144
