method,dimension,time_ms,time_per_query_ms,memory_mb,recall,speedup
FAISS Flat 768D,768,18.555879592895508,0.18555879592895508,153.6,1.0,1.0
Sphere NumPy (320D),320,11.122941970825195,0.11122941970825195,64.0,0.9270000000000002,1.6682528454761751
Sphere BLAS (320D),320,10.806083679199219,0.10806083679199219,64.0,0.9270000000000002,1.7171697114111728
Sphere Numba (320D),320,11.397838592529297,0.11397838592529297,64.0,0.9270000000000002,1.6280174036731792
