method,time_per_query_ms,memory_mb,recall,speedup,memory_reduction
FAISS Flat,0.117340087890625,76.8,1.0,1.0,1.0
Sphere Balanced,0.14829158782958984,70.0,0.9059999999999999,0.7912794623621339,1.0971428571428572
